{"cameraMode":{"drawMode":0,"name":"Shaded","section":"Shading Mode"},"sceneLighting":true,"audioPlay":false,"sceneViewState":{"showFog":true,"showMaterialUpdate":false,"showSkybox":true,"showFlares":true,"showImageEffects":true,"showParticleSystems":true},"in2DMode":false,"pivot":{"x":11.452648162841797,"y":4.371767044067383,"z":28.135467529296876},"rotation":{"x":-0.17726020514965058,"y":0.6076952815055847,"z":-0.14153380692005158,"w":-0.7610900402069092},"size":32.75362777709961,"orthographic":false}