{"cameraMode":{"drawMode":0,"name":"Shaded","section":"Shading Mode"},"sceneLighting":false,"audioPlay":false,"sceneViewState":{"showFog":true,"showMaterialUpdate":false,"showSkybox":false,"showFlares":true,"showImageEffects":true,"showParticleSystems":true},"in2DMode":false,"pivot":{"x":-11964.7392578125,"y":8.030658721923829,"z":25114.029296875},"rotation":{"x":0.007315171882510185,"y":0.9829710125923157,"z":-0.17918533086776734,"w":0.04012846201658249},"size":19.062562942504884,"orthographic":false}